source,target
CatatanAli07,satoedoeasatoe
CatatanAli07,Dh4n1eLee
martabaya,susipudjiastuti
martabaya,anti_renacuajo CNNIndonesia
galempok,susipudjiastuti makLambeTurah
klanwuhan,susipudjiastuti kocokreok
udesty3,akimoodz
HenkMizell,okezonenews
HenkMizell,hariankompas
HenkMizell,okezonenews
HenkMizell,hariankompas
HenkMizell,detikcom detikfinance
HenkMizell,okezonenews
HenkMizell,liputan6dotcom
HenkMizell,liputan6dotcom
HenkMizell,liputan6dotcom
HenkMizell,detikcom detikfinance
HenkMizell,tempodotco
ancot_indonesia,RadioElshinta
ancot_indonesia,DKIJakarta aniesbaswedan JSCLounge BangAriza dinkesJKT
ancot_indonesia,syahganda tribunnews
ancot_indonesia,TirtoID
ancot_indonesia,Bams_1eng
ancot_indonesia,NayDonuts
ancot_indonesia,MARQUEZ__93 mohmahfudmd
ancot_indonesia,TirtoID
ancot_indonesia,mohmahfudmd
ancot_indonesia,PemerintahPro
ancot_indonesia,ganjarpranowo
ancot_indonesia,__GoldenAngel_
ancot_indonesia,TirtoID
ancot_indonesia,provjateng
ancot_indonesia,D14h_S03w4rn05
ancot_indonesia,AksiLangsung
ancot_indonesia,Pencerah__
ancot_indonesia,edralynnn
ancot_indonesia,kodimbardo1
ancot_indonesia,TirtoID
ancot_indonesia,AriestaRiico_
ancot_indonesia,leksa
ancot_indonesia,RadioElshinta
ancot_indonesia,umar_hasibuan75 yunartowijaya
ancot_indonesia,geloraco
ancot_indonesia,RadioElshinta
ancot_indonesia,asumsico
ancot_indonesia,CNNIndonesia
ancot_indonesia,jxlproject
ancot_indonesia,seruanhl
ancot_indonesia,drpriono1 jokowi KemenkesRI
ancot_indonesia,Bisniscom
ancot_indonesia,tjhinfar21 aniesbaswedan
ancot_indonesia,ilhambala
ancot_indonesia,PatubMbel ganjarpranowo
ancot_indonesia,RadioElshinta
ancot_indonesia,VIVAcoid
ancot_indonesia,HukumDan aniesbaswedan DKIJakarta jokowi
ancot_indonesia,Bisniscom
ancot_indonesia,RestaJunior
ancot_indonesia,tjhinfar21
ancot_indonesia,ferizandra aniesbaswedan ZAEffendy Quvvatt zarazettirazr
ancot_indonesia,mrshananto
ancot_indonesia,Bisniscom
ancot_indonesia,andreasharsono jokowi
ancot_indonesia,txtdrpemerintah
ancot_indonesia,TirtoID
ancot_indonesia,idimafla republikaonline
ancot_indonesia,Dinda__90
ancot_indonesia,e100ss
ancot_indonesia,geloraco
ancot_indonesia,Ferysplace
ancot_indonesia,efenerr
ancot_indonesia,msaid_didu
ancot_indonesia,ChusnulSyantik
ancot_indonesia,VIVAcoid
ancot_indonesia,WagimanDeep212 ganjarpranowo
ancot_indonesia,CNNIndonesia
ancot_indonesia,FerdinandHaean3
ancot_indonesia,AriestaRiico_
ancot_indonesia,e100ss
ancot_indonesia,Sharda__U
ancot_indonesia,FerdinandHaean3
ancot_indonesia,mohmahfudmd
ancot_indonesia,demoSoCRAZY aniesbaswedan
ancot_indonesia,e100ss
ancot_indonesia,aw3126
ancot_indonesia,julio_PTG aniesbaswedan
ancot_indonesia,_4m4re
ancot_indonesia,qronoz aniesbaswedan
ancot_indonesia,wordfangs
ancot_indonesia,GeiszChalifah
ancot_indonesia,untukmu25
ancot_indonesia,republikaonline
ancot_indonesia,AV4tarPemburu aniesbaswedan
ancot_indonesia,jr_kw19
ancot_indonesia,syahganda
ancot_indonesia,AbdRachim12 demoSoCRAZY aniesbaswedan
ancot_indonesia,fadlizon
ancot_indonesia,AdhieMassardi
ancot_indonesia,Zacki__Z
ancot_indonesia,Bisniscom
ancot_indonesia,VinoGBastian__
ancot_indonesia,TirtoID
ancot_indonesia,zarazettirazr
ancot_indonesia,WahabisLokal jokowi
ancot_indonesia,sociotalker
ancot_indonesia,erna_st
ancot_indonesia,julio_PTG aniesbaswedan
ancot_indonesia,FiersaBesari
ancot_indonesia,Andiretaks
ancot_indonesia,fadjroeL
ancot_indonesia,BNPB_Indonesia
ancot_indonesia,idtodayco
ancot_indonesia,e100ss
ancot_indonesia,Dandhy_Laksono
ancot_indonesia,SoundOfYogi
ancot_indonesia,YongL4dy idtodayco
ancot_indonesia,ILCtv1 aniesbaswedan
ancot_indonesia,viia_narasi13
ancot_indonesia,firdzaradiany
ancot_indonesia,geloraco
ancot_indonesia,dek_cilik aniesbaswedan
ancot_indonesia,firdzaradiany
ancot_indonesia,ridwankamil BimaAryaS
fandifhuh,GuardianNKRI DiniHrdianti
fandifhuh,Hskaimin IndosatCare
fandifhuh,ExJapemethe Gandos_Akek medcom_id
fandifhuh,KAMMOES SaptaAtmadja
endar82,carulukswulan ridwannukasep DcabIndonesia TulipKuning5 Arsymuhammad9 luthfivip detikcom
endar82,ridwannukasep DcabIndonesia TulipKuning5 Arsymuhammad9 luthfivip detikcom
endar82,ridwannukasep DcabIndonesia TulipKuning5 Arsymuhammad9 luthfivip detikcom
endar82,DcabIndonesia ridwannukasep TulipKuning5 Arsymuhammad9 luthfivip detikcom
oshima019,toegiono
a_me_name,basuki_btp
ANGIN131,HumasPaskot11 wiwikherma ThohirAkbar kasiyono34yahoo pitu_tujuh Sektortegalsar1 jogja_kuat Ahmadduha20 Anta_sena212 ridoyando85 Ayahamutnpudib1 DjokoSa03047097
gilangganesha2,dhannyandriany
ridwannukasep,endar82 DcabIndonesia TulipKuning5 Arsymuhammad9 luthfivip detikcom
tengamalam,SirSanndy
erroyh,gadisresidu_b3
kungaiko,gadisresidu_b3
yanyuser,susipudjiastuti
EleJokow,susipudjiastuti
hujanrindu17,YouTube
kemitris,idtodayco
cilakabangsaku,susipudjiastuti
Budi_lahap,erickthohir
rackarnivore,KangopeNew
dioyudha2,ElninoZaldi susipudjiastuti
dioyudha2,syahirularif susipudjiastuti
WiberMelayu6,susipudjiastuti
yahkosonghuh,cahyasshinta
betara01,susipudjiastuti
rijoel_chan,susipudjiastuti msaid_didu
surodilagan,mantriss
surodilagan,jumhurhidayat mohmahfudmd gusmusgusmu saidaqil
gamapila,BigAlphaID
MadeSuardana,BigAlphaID
inMwetrust,danieRobin
RealHD0310,BPJSTKinfo jokowi KemnakerRI
kikilicious_,susipudjiastuti
rahmaniarbaftim,JamalBoegis
rahmaniarbaftim,geloraco
kenn_maizz,ovan_ghozali1
andJust63051101,susipudjiastuti susipudjiastuti
ipuds,susipudjiastuti
akuntwittet,Sifahrn02081 outofcontext_id rommyaw
terpakuwaktu,student_fess
denmas99366403,susipudjiastuti
askmearmything,jinniesteacher1
adi_fir,susipudjiastuti
basukids1,satoedoeasatoe
nasibaik,septian ainunnajib
alfinamiruddin,susipudjiastuti
andyal81,susipudjiastuti
teliaz223,detikcom
teliaz223,detikcom
maniakpolitik,aftara_ meow_leader rzlpangestu96 susipudjiastuti
KochengMikir,susipudjiastuti
davidbimantoro,seorangmuggles Oni_Rasyad susipudjiastuti
davidbimantoro,susipudjiastuti susipudjiastuti
davidbimantoro,Oni_Rasyad seorangmuggles susipudjiastuti
RiozPharoz,susipudjiastuti
3cko_P12,susipudjiastuti susipudjiastuti
bangking03,susipudjiastuti
YRuhiyat3,CNNIndonesia
YRuhiyat3,airlangga_hrt jokowi Kiyai_MarufAmin
jemmaamanda,pencarikerang
Budiawan1985,agoes_mochagus susipudjiastuti
suryaamriza,susipudjiastuti
akira_sby99,susipudjiastuti
Oni_Rasyad,davidbimantoro seorangmuggles susipudjiastuti
samandjamie,susipudjiastuti
Jenar3M,jokowi
Bonarpss,cnbcindonesia
dickyrevolution,susipudjiastuti
M_Saputro_,susipudjiastuti
AGoeci,susipudjiastuti
Sunaryo65024859,susipudjiastuti
agoes_mochagus,susipudjiastuti susipudjiastuti
klikandri,susipudjiastuti
yuswohady,krismoerwanto SydSalesman onokarsono Ramadian40 Adi1susilo
yuswohady,hadikaes rezasixeleven
pebibuy,fransedor fairizabila
akbar_purnomoo,JSTrikukuh purnomo_heru01 dayatia
ZanaApriyatna,LaksmiDmayang
detikcom,detikfinance
detikcom,detikfinance
detikcom,detikfinance
detikcom,detikfinance
detikcom,detikfinance
detikcom,detikfinance
detikcom,detikfinance
detikcom,detikfinance
detikcom,detikfinance
detikcom,detikfinance
LaksmiDmayang,ZanaApriyatna
Beben_17068_HK,CNNIndonesia
04_adisetiawan,medcom_id
04_adisetiawan,BigAlphaID
SyarifullahDja1,prastow
araginggang72,RBonafida _antaresh kang_mul19 _gussur cakaponlee masdidong RudolfSael AbidinBoryta_AB TulusG1 embunsorehari BaasDee2 gorengan_27 GreenyTNT berkelip_ Even1508 Bakoto71 ArdiRasyid07 Lima8Satu mienz65
NcuhiRiwo,MarlanySiek
NcuhiRiwo,kring_pajak
rrrrachma,aRdy_NET
SyifaniIkrimah,NewsMuslimah
d14napink,pingoe12 detikcom detikinet
ErikRidzki,elisa_jkt
AjiKusuma999,CNNIndonesia
StrawHatAce,bintangemon
polcaclown,Mochii_Melody
bulolnanon,budppe
bulolnanon,NoxyLozy
aakuWUMBO,Callmesugarrr
Mochii_Melody,polcaclown
Waras4ever,VIVAcoid haryazid
Waras4ever,tempodotco
Waras4ever,mantriss
Waras4ever,msaid_didu
Waras4ever,OposisiCerdas
Hakiraja4,nadiaapee
goodgirlsays,pikachutips
RakyatMerdeka99,KemenkeuRI
RakyatMerdeka99,rineaudrine
RakyatMerdeka99,jokowi
bettersop,megaalviannn jokowi
AmmarGill,glrhn
AmmarGill,mpokgaga
MzRoel,Quvvatt
ossasnatsu1,_frnnd14
dewantara_adjie,mohmahfudmd YouTube
GrandLight88,Adi_8002 vinamvr ustadtengkuzul RamliRizal msaid_didu
GrandLight88,cebong_hunter __danu_ Kaiden_id MbahLawu2 MudasirRomini Dennysiregar7 PKSejahtera
capedcrussader,northedownpour
yehetetew,AREAJULID
yehetetew,AREAJULID
SuhardiS7,cnbcindonesia susipudjiastuti
amirudin291,Bisniscom
yolahngapsi,riza_ajir Dandhy_Laksono VeronicaKoman
yolahngapsi,Almangimburu konsikon1 Hendyzhykora84 Dandhy_Laksono
wearetreasury,mememekanlirik
Abu__Azhary,HukumDan
Abu__Azhary,ridwanhr
TahuBangJek,fajriasaliha listijanah dyanasafira syifafauziah_ha seilasativa rilylir mutiah128
adiebombad,Tokocrypto harmonyprotocol bitcoin_clara emaline904 ken_minchie
babyminwon,nunaforlyfe
yunaskie1,ManUtd_ID
seppelire,PolJokesID
mujahidah_rahmi,YouTube
mujahidah_rahmi,YouTube
Adhar28_,PolJokesID
daniadler33,denismalhotra
nurulmp,YouTube
nurulmp,YouTube
rywkkkkk,Fafaelfina_
PratamaUnggah,cnbcindonesia
NNdrae,sociotalker jokowi jokowi jokowi
NNdrae,MahaD3w4 AndiAra65483006 jokowi jokowi
InazkyE,Chaterinee_08
8bungabening8,siluetrere
TradingDiary2,gusbagussss Victor43579668 Victor43579668
TradingDiary2,rgoestama
DetaxId,DetaxId
DetaxId,DetaxId
bodoamatlahegp,kewlsejagad detikcom detikfinance
alihaidir_,PolJokesID
khumairara,bbibimbaps
Ihzzzaa,PolJokesID
kewlsejagad,bodoamatlahegp detikcom detikfinance
Victor43579668,TradingDiary2
Ghorib13,Abu__Azhary kafiradikalis kafiradikalis
Ghorib13,AsepSuryawan6 msaid_didu
wendysa85396804,cnbcindonesia
RadioDakta,IndefEconomics
Irenecutemom,jokowi
kolorna19,msaid_didu
kolorna19,AnthonyBudiawan msaid_didu RamliRizal panca66
kolorna19,RasyidDemokrat jokowi
kolorna19,msaid_didu
oncomsunda81,kharimakharima1
JajangRidwanK,johnnydepp_ok Jayadih28941086 SeruniPuspaAlam cimimong150815 salahsambungya LOVE_AG4EVER SalmaBrecht YRadianto AdigunaAtmaja anto_winarno CINTADA__ __MV_llestari__
JajangRidwanK,johnnydepp_ok Jayadih28941086 SeruniPuspaAlam cimimong150815 salahsambungya LOVE_AG4EVER SalmaBrecht YRadianto AdigunaAtmaja anto_winarno CINTADA__ __MV_llestari__
JajangRidwanK,johnnydepp_ok Jayadih28941086 SeruniPuspaAlam cimimong150815 salahsambungya LOVE_AG4EVER SalmaBrecht YRadianto AdigunaAtmaja anto_winarno CINTADA__ __MV_llestari__
ShiroTakataka,bayhambay
AhmadShiddiqN,FaridM_21
Anisaran8,detikcom detikfinance aniesbaswedan jokowi
Anisaran8,yulie_yulie_ aniesbaswedan aniesbaswedan
Anisaran8,RestyLeseh
Anisaran8,geloraco aniesbaswedan
Anisaran8,_KingPurwa
Anisaran8,ipancahyadi CNNIndonesia
Anisaran8,jokowi
Anisaran8,_KingPurwa
Anisaran8,detikcom aniesbaswedan
belalangcerewet,achi_hartoyo
nurhendratmok11,RamliRizal
AV4tarPemburu,aniesbaswedan
AV4tarPemburu,jokowi
AV4tarPemburu,dprddkijakarta aniesbaswedan
AV4tarPemburu,aniesbaswedan
temenan_re,AREAJULID
Wicaksono_J,jokowi
ManusiaMerdek19,Bharatian2 wiwowibowo yunartowijaya
ManusiaMerdek19,nathanaja7 nakaluarbiasa yunartowijaya
ManusiaMerdek19,Dismas03021740 M_Asmara1701 msaid_didu ReflyHZ
ManusiaMerdek19,Bharatian2 wiwowibowo yunartowijaya
ManusiaMerdek19,Bharatian2 wiwowibowo yunartowijaya
ManusiaMerdek19,Bharatian2 wiwowibowo yunartowijaya
ManusiaMerdek19,nathanaja7 nakaluarbiasa yunartowijaya
ManusiaMerdek19,nathanaja7 nakaluarbiasa yunartowijaya
ManusiaMerdek19,RasMuha85008336 Vangelost2 FerdinandHaean3
Dismas03021740,ManusiaMerdek19 M_Asmara1701 msaid_didu ReflyHZ
MiftahJatim,KhofifahIP
mqrvm,nocontextwarung
AmbarBaw,sugiana73 HeyFaraaahhh yuana_kusuma Rifky_Mozzza andi_chairil
steven_kode289,choconachuu
NandaFaturrahm3,anggacandoenk
Berkarya_Info,anwarsaipul699
nazi_8303,drpriono1 jokowi
sirvaniii,ronin_minang
suara_irwan,irwan_fecho
tiyok_pras,msaid_didu
DR4nk_the,idtodayco
RatuRapinter,YanHarahap
4nsQy,YouTube
Agus_Solikhin_D,detikfinance
SThefreelancer,mudjajin TasyaShafira19 ZakyFarid Denish02132322 mohmahfudmd
lubab201,YouTube
Anastymedan,Reiza_Patters
Anastymedan,msaid_didu
Anastymedan,reformasimental
Anastymedan,geloraco
Anastymedan,TofaTofa_id ILCtv1
Anastymedan,KawanBaikKomodo Aryo82819046
Anastymedan,detikfinance
Anastymedan,luviku
Anastymedan,zarazettirazr
Anastymedan,UCIKINI DKIJakarta DivHumas_Polri
Anastymedan,NcuhiRiwo
Anastymedan,bepejeel
Anastymedan,Aline_Yoana_Tan
Anastymedan,fadlizon pln_123
Anastymedan,dianyounee RamliRizal
Anastymedan,geloraco
sudibyo_ekoo,RadioElshinta
Twetpunk,Stevaniehuangg
Twetpunk,aesth_whole pasuknakalsehat tempodotco
evadarkmn,Vida87848353 nasibwni dr_koko28
evadarkmn,ZombieLaper adityapriangga nyctophiliiiaaa txtdrpemerintah
evadarkmn,nadipahhh collegemenfess
vsdini,Pak_GuruSD Arnolduswea_ afinyulia zukhrufah youandwed
RahmatTubagusH,AdhimHernowo
RahmatTubagusH,rachmadionayub galihalbin
andre5292020,guepea212 mac_bull kumparan
andre5292020,hassan_duwe kumparan
andre5292020,Boyz2mens88 Iriandi19 Dennysiregar7
hilnoviani_,daraldilla
taliwang98,XANDERNEST kuysinema firdzaradiany chrisnayolandaa
Handinigh,YouTube
rdpn34,dr_koko28 KPU_ID
ahmdnhlr,SCMPNews
mbakseulgi,YouTube
inasaleha9,Yesikania4
MawarSolitaire,aka_abzhary
UmmZah,MMC_IDN
UmmZah,MMC_IDN
SweetMacarons2,MMC_IDN
SweetMacarons2,MMC_IDN
pipoywoi,GakkkPulanggg msvcxsz
Yunfazri1,detikcom
attheXdrivethru,inabritpop
Marthaerrr,Dn_________
rizkyaziz16,jokowi PerekonomianRI KemenkeuRI Kemenperin_RI
msafiimu,__MV_llestari__
mastotoping,Dennysiregar7
mastotoping,msaid_didu
mastotoping,detikcom detikfinance
fatinpane,msaid_didu
fatinpane,osolihin
fatinpane,LisaAmartatara3
Robanjogjangak,NNkri2020 AirinAirin_NZ
SaptaAtmadja,KAMMOES
MKrenthil,u_coffeeaddict KATADATAcoid
amaliaynm,taniacitras
SlamB17,Elina_Vay AtmaEric sherpa701 bonggbudiharto sherpa701 bonggbudiharto Elina_Vay
DukeWahyu,geloraco
Zumpio,aniesbaswedan KemenkeuRI
Danks05282530,liputan6dotcom
ocx12053,mariska_lubis JawaSandho AriesYossi Berkarya_Info
ocx12053,NJKamka
zanshiine,ariasusila chyxxi
KakiKakiKotak,sabdasaya
naassrl,TirtoID
naassrl,ardhitoprmn
KiSantang6,FaisalBasri
Gandawan,jokowi
Leqxi_Zhang,Moehmuhidin AgustinaYurisa VIVAcoid
_urdarlings,nanasmadoe
mariska_lubis,JawaSandho AriesYossi Berkarya_Info
mariska_lubis,AriesYossi JawaSandho Berkarya_Info
JawaSandho,mariska_lubis AriesYossi Berkarya_Info mariska_lubis
Rahmatdarmawa,DRmulyana NoelzAriq1 libertees_id vidi_perdana Th0wie bagus_alit
charocke,jokowi
deydelramsah1,WanJisoo
Ndootilicious,priaprematur
diatius,kumparan
WinotoDeddy,OposisiCerdas
OpiniRakyat2,OposisiCerdas
xylcop,GAOFEI_LIAO
andhy_yoo,kompascom
alba_agathis,MMC_IDN
Aurelia22945094,MMC_IDN
asuprijanto,SCTV vidio
dwihendry,MMC_IDN
TomJerry525,CNNIndonesia
TomJerry525,msaid_didu mohmahfudmd
Wisnu_DYNA_Solo,detikcom detikfinance
hermantwitt,Beritasatu
MarisaPribadi,herususetyo99
ariefdwiutama,YouTube
IlhamKusno2,Quvvatt
IlhamKusno2,CNNIndonesia
RahmaAy86090311,_Mr_J03n4______
hyucksthigh,citizenstores
jjsan88,dkongkee
CASIGO2,AzWiryadi P_Eneste fuadi_syaiful cagubnyinyir2 hnurwahid MardaniAliSera
dkongkee,jjsan88
OrangWaras_2020,GusMaulana16 lalanangjagat69
lalanangjagat69,GusMaulana16 OrangWaras_2020
lalanangjagat69,RoellyRosuli
GusMaulana16,MrsRachelIn
GusMaulana16,OrangWaras_2020 lalanangjagat69
GusMaulana16,MrsRachelIn
deensdaily,WikiDPR
jojoe_gaza,geloraco
ahqidtyasp,AgusYudhoyono
Wordgasmyc,xxuntitledp
BanasPaijo,Yani73044989 CemenRezim darwinisofianti RiniYun36882153 aniesbaswedan BangAriza DKIJakarta
tintasiyasi_id,JasSastra
natassssssya,sitililitt printilanday6
quintta1217,KakekHalal Bengkeltanah1 jokowi PerekonomianRI airlangga DKIJakarta
quintta1217,Nadjib_178 amanidelm2nd
quintta1217,Pencerah__
Burakos7,ChatibBasri
Burakos7,ChristWamea aksialfatih
sibaranm2,drpriono1 KemenkesRI jokowi
Sopian38997820,Dennysiregar7 aniesbaswedan ridwankamil
Sopian38997820,Dennysiregar7 jokowi aniesbaswedan
Vanyudha2,Waras4ever msaid_didu
lumbalumba_ijo,surelynoturtype tahunbaru2020 timah29
colamilochim,ZeroNamjin
edor4h4,podoradong
CakBambangelf,kokokdirgantoro
dsr004,fadjroeL JubirPresidenRI jokowi
Hendri_Mantis,AgusYudhoyono PDemokrat
jumrianii_,geloraco
nasirltp,duha_putrawan
Lentera18150745,Jims_Talona amberrein77 carolinewiyono Dennysiregar7 aniesbaswedan ridwankamil
ntie_wijaya,MMC_IDN
AgungPr86423327,geloraco aniesbaswedan
Hirman08,dapitnih
Hirman08,TofaTofa_id
fa_khadijah,YouTube
jodohnyamarkeuu,Pak_GuruSD Arnolduswea_ qcecan
jodohnyamarkeuu,GiveawayWoy
SalmaBrecht,AirinAirin_NZ
bawono_geo,lintang_ayoe 04_adisetiawan retno_setyowat
TantanPratama13,suarbudaya VeronicaKoman
fiqriachmada,sbyfess
iwanwafii,ridwanhr
SunshineHolySun,Alterthingy_
hapeproperti,Dennysiregar7 DKIJakarta aniesbaswedan
hapeproperti,ChusnulSyantik
hapeproperti,KompasTV
kucinggabut,squidwardfess
dswidjaya02,jokowi
HannaKartika,Pak_GuruSD Arnolduswea_ wie_ing27 graciaveronica
andriansetiaa,Pak_GuruSD Arnolduswea_ tuwik71 Hokage__Konoha
PortPriok,podoradong
AstomoIrianto,FerdinandHaean3
Koleksi_Cerita,Sarahshailendr4
Koleksi_Cerita,Sarahshailendr4
Koleksi_Cerita,Sarahshailendr4
AriestaRiico_,myozhyme
AriestaRiico_,LaskarSakti
AriestaRiico_,WahabisLokal jokowi
AriestaRiico_,WahabisLokal
TheMaximvs09,diahrafika4
TheMaximvs09,JokoHQ
mo2nandback,prdsdefbirds subtanyarl
rizayudis,geloraco
cakeptamvan,edimaha233
island_zero,BaleBengong
wikuas,analbumofmylife
lalatus_,txtdrpemerintah
setiajiiii,khilyaaaaa txtdrpemerintah
amarthaid,halofina_id
Bajulburas,podoradong
RFauzy5,geloraco
mus_tanjung,geloraco
iniMiqdad,ShennaAriendr
LendraKusuma,geovinaa
marlinaiar,FerdinandHaean3
lantip,mokiatsu
AyyubMaulana2,Irfansyahirawan MiziRisqa JajaAtmaja yunartowijaya jokowi
RepublikIni,geloraco
chocollatespicy,04_adisetiawan
HARIMAU_JAYA,geloraco airlangga_hrt
Jesteriann,masinusina muuumtazz amandrug
JOINLampung,ChusnulSyantik willona_007
risetioz,eric_naganamora
pangurbannn,moonlighttlv
karimnas_,wearetreasury
mutegoesto,selay564 BTS_twt
clzahmad,txtdrpemerintah
fryansatria,FiersaBesari
deeearta,detikfinance mohmahfudmd
MrsRachelIn,Yudha60945966 Dennysiregar7 DivHumas_Polri
MrsRachelIn,LOVE_AG4EVER
MrsRachelIn,03__nakula aniesbaswedan DKIJakarta NinjaCir3ng Rahman_Nashir mielkyadwi Socials42094022 Ari3Pras bhre_wengker84 Cebongmilitan1 andri_attitude
MrsRachelIn,FirzaHusain
MrsRachelIn,HusinShihab FerdinandHaean3 aniesbaswedan NikitaMirzani DKIJakarta 4Y4NKZ Hanifah933 ProfYLH kurawa P3nj3l4j4h_id PartaiSocmed narkosun kangdede78 Uki23
MrsRachelIn,Bengkeltanah1
MrsRachelIn,kantayu hamaro_id
MrsRachelIn,BecaMamat
ndrewwolf,geloraco
ndrewwolf,detikcom detikfinance
ndrewwolf,geloraco
svuegi,RPFeed
ZikriAlif7,geloraco
pejuangind01,jr_kw19
JhonaMerah,geloraco
brdpk,detikfinance
Geusan1,geloraco ChristWamea
Ameeramantika,SultanSyam10
johanwahyudiono,geloraco
ChSuhendar,geloraco ChristWamea
ChSuhendar,geloraco ChristWamea
imamrachman,Akbarmahasa detikcom
Salihova12,NewsMuslimah
abraham44289237,ancot_indonesia idimafla republikaonline
AgustinaYurisa,detikcom detikfinance
agfilistian,bighit_merch weverseshop
IsoWira,TofaTofa_id
lutherjenner,VIVAcoid
lutherjenner,fadlizon
lutherjenner,detikfinance
PuapuaDede1,geloraco
Khoesaidi1,geloraco
salamander_bay,detikcom
TawakalBack,detikcom detikfinance jokowi
DadangSuhanda92,detikcom detikfinance
Bangkit55489150,KyaiTebas ChristWamea Melody4490 katzefaule Stevaniehuangg kodimbardo1 Muslim_AntiPKI ONCOMBNDUNG ANDINI_MAHARAN1 geloraco hamidahjusri1 LaillyFadillah handokopraseti2 Makbongky3 LisaAmartatara3 idtodayco
IndraKu57360707,detikcom detikfinance
asik_mulu,geloraco
akisanak,geloraco
hdkanjeng,detikcom
budialims,detikcom detikfinance
AdamPena251,geloraco
trinice0504,geloraco
adinusai,geloraco
joni89740306,geloraco
scsuroso,geloraco
HasanuddinAhma2,geloraco
joezenzie,Mylova211
Giman28217047,geloraco
Ponorogo_Berkah,YouTube
Ponorogo_Berkah,YouTube
Sarahshailendr4,KumpulanCerit12
Sarahshailendr4,KumpulanCerit12
yo2k_k,DTanjung15
yo2k_k,msaid_didu
PerishableVey,jr_kw19 AirinAirin_NZ
AdibAlifNN,dzekhoy hafizddarmawan
AdibAlifNN,dzekhoy hafizddarmawan
MondlightA,AntiPengPeng
dzekhoy,AdibAlifNN hafizddarmawan
SJayarini,aniesbaswedan
raratriw,ybcosahn
EdiManik6,GeiszChalifah
rizieqdivist,MrsRachelIn
rizieqdivist,meow_leader DTanjung15
Rizkadani4,MMC_IDN
stylistcutex,cnbcindonesia
naitsuga_,aishakinaaa
andikaabdas,ichairunissaa
fauzanindonisi,SINDOnews
kodok_pacman,MaspiyuO
YennyAn91642232,fadlizon
IlhamRizaldi17,MYusron13703120 e100ss
D14h_S03w4rn05,ancot_indonesia
berliawann,nagin_xigie
kumalaaaaaaa,Manusia19727828
zuriswanfajri,Rin_niswa Alvin_BKT yunartowijaya aniesbaswedan ridwankamil BimaAryaS prabowo jokowi Gerindra fadlizon AgusYudhoyono
RRIPrograma3,RRI
tresnowicaksono,Rexi_Chesi
tresnowicaksono,Rexi_Chesi
KamarullahH,DJRachbini
KamarullahH,DJRachbini
KamarullahH,smindrawatii jokowi
KamarullahH,DJRachbini
Iman99966260,tempodotco
AkbarKaromput,Rizky_Satriaa
Nishhh44,gks_drg womanfeeds_id
Nishhh44,womanfeeds_id
BrokenArdi,Adhitya_Kes
BrokenArdi,TitinPriuji Mas_Angga_ aldikocan Adhitya_Kes
aitakattroll,ragunsa _anatera tekupla
AdiyatJatiW,Dwiciptasaja
AdiyatJatiW,ermayuliati
Bekanta05308888,Hilmi28
KompasKlasika,eileenrachman
kanurhss,ceritatehfidy
kanurhss,ceritatehfidy
chandra_siap,KPU_ID mas_abudiman novida_evi hsym_asyari PramonoUtan viryanazis
bhre_wengker84,MrsRachelIn
johnxnct,dooyonq jxungwoonct
Jhon9935681487,jansen_jsp msaid_didu
senengseneng69,yourbebb
ferdymad,airlangga_hrt aniesbaswedan jokowi aik_arif
ferdymad,Dikot38989316 jokowi PerekonomianRI airlangga_hrt aniesbaswedan drpriono1
Sangpen57494536,habibthink
Sangpen57494536,Dennysiregar7
kucnglucuu,mrshananto
mrshananto,kucnglucuu
gerri_ardian,Adi_8002 msaid_didu aniesbaswedan
rae2154,monstasaurus ulinhari
LutfiMbah,em_khlina Dennysiregar7
LutfiMbah,Dennysiregar7
19d5ARIN,19d5JINAH
DLDCRO,jokowi
kuroo2,SM061295
MYusron13703120,e100ss
spinyleaf,ogiwicaksana yadiwinarto firmanyursak
RizkaIrawan4,LOVE_AG4EVER jokowi
EkaJepp,MrsRachelIn KontanNews
vindazcorin,avigrandiss bunnja
adie_es,recehtapisayng
DirgantaraRaha1,andrianatan Simaraja1 ridwankamil
siripitipi,rizarisarija nowthisnews rizarisarija
bgzd_,sbyfess
Munawarfuad,tvOneNews NajwaShihab DeddyCorbuzier1 gusmiftah_
ferdiansamulya,Helmyname
tifarogemere,Alterthingy_
aselisnack,fadjroeL
kanganjay,kakekharam BungIndra8 msaid_didu aniesbaswedan
adalahiu,TsamaraDKI
adalahiu,yunartowijaya
adalahiu,fadjroeL
adalahiu,Kanseulir
david_millit,msaid_didu ridwankamil aniesbaswedan
hanifyahyaasya1,IwakTukang _bayangan_semar
Ceceelooo,sbyfess
saifuddeen89,firmanyursak
saifuddeen89,umar_hasibuan75 adiasik2007 aniesbaswedan
saifuddeen89,Kenzo_Hamtaro msaid_didu
saifuddeen89,_KingPurwa
hudikuning,sbyfess
MbakNeko,sbyfess
itsme979797,sbyfess
KetuaKelassss,sbyfess
bayudwk,kanyadania sbyfess
Sopir_jimny,sbyfess
maxpattadon,sbyfess
kanyadania,sbyfess
singkonghak,piiee08 msaid_didu
AndiDarmawan80,airlangga_hrt
melingbknmaling,sbyfess
Oim131,LuqmanBeeNKRI
maramuda,VIVAcoid
sabdopalon77,seruanhl
andsis999,zarazettirazr
yusupalimohamad,PerekonomianRI airlangga_hrt KemnakerRI
adzan_,BanuMuhammad
ridhorahadi,ChusnulSyantik
Ronnie88079202,ChusnulSyantik
Ronnie88079202,dear_priscila wahyufajar RadioElshinta PeterGontha
ari_aditya,RadioElshinta jokowi erickthohir KemenBUMN KemenkeuRI IDX_BEI
ari_aditya,BeritaJakarta aniesbaswedan DKIJakarta jokowi
ari_aditya,kumparan aniesbaswedan
ari_aditya,cnbcindonesia
ari_aditya,bima_marzuki DKIJakarta aniesbaswedan BangAriza DKIJakarta dprddkijakarta PSI_Jakarta jokowi narasitv
zakii_r,ChusnulSyantik
Slametr78259027,_KingPurwa
RFudoli,AchsanulQosasi msaid_didu
SuwandaBen,JimlyAs sukrinawawi
ridha_mute,CNNIndonesia
AuliaPulungan,kumparan
myozhyme,AnakLolina2
myozhyme,listriktoday _pln_id
ziaufaza,militannkri01 jokowi KSPgoid KemenkesRI Kemendagri_RI
Hasan49336769,mohmahfudmd
skinnypandaaa,Repyourebae
Daman39881386,ChusnulSyantik
pasadenasl,Ghea_Jhana_Lee
pasadenasl,MaspiyuO
pasadenasl,airlangga_hrt
SugiKawuloAlit,Imamsubarkah31 kumparan
PlendoDon,musniumar
asanjawa,ChusnulSyantik
cagubnyinyir2,Frans_Priyo marpaung913 Genesis7173
cagubnyinyir2,sirajapadoha Frans_Priyo kusumovina hoax_bukan
DaryantoOrie,ChusnulSyantik
apeungill,CutieKke
prasendhy_,mustafa04101979 dpermadhy campusteast CNNIndonesia ridwankamil
prasendhy_,ariefjohn_94 mustafa04101979 dpermadhy campusteast CNNIndonesia ridwankamil
cinnamongirlc,IngNa70
saveindonesia20,JhonaMerah CNNIndonesia aniesbaswedan
saveindonesia20,fahiraidris rmol_id
dizamilano,zarazettirazr
militannkri01,LOVE_AG4EVER BiLLRaY2019
Firdausharahap1,YusufNusantara1 airlangga_hrt airlangga_hrt
1ms1C,listriktoday Fa00mulan _pln_id
s1b4d,listriktoday FaGtng _pln_id
Bakuhantampunj1,_KingPurwa aniesbaswedan
manusia49926109,militannkri01 jokowi KSPgoid KemenkesRI Kemendagri_RI
Jojo8890475283,ChusnulSyantik
mulyono379,_KingPurwa
jangjunsenpai,Hi_Goldenness
arthurvilmon,Indonesianews15
NahItuDia19,ChusnulSyantik ChusnulSyantik
muhammadkemal23,ChusnulSyantik
muhammadkemal23,AnakLolina2
masjangka,sastagama
surjoyo1503,ChusnulSyantik
n_dre_,VIVAcoid
orcinusorcael,qnafess
erlinoise,qnafess
chan_dedot,zarazettirazr
toropilay2,ChusnulSyantik
toropilay2,ChusnulSyantik
rusdy301,Sudiyanto204573 Namaku_Mei harihariono1
videlyae,rrooel
RahimiNaali,merdekadotcom airlangga_hrt
agung_wahyudi15,subtanyarl
Tawangmangu3,fadjroeL
kakekharam,kanganjay BungIndra8 msaid_didu aniesbaswedan
Senapati_Malam,cnbcindonesia
Afdz_46,sbyfess
yuliuswiwin1,musniumar
Dodik85972254,AChiekal umatsabtuminggu hamsir2006 bedegong71 CNNIndonesia
Dodik85972254,msaid_didu aniesbaswedan
Dodik85972254,umar_imoetzz kumparan
Dodik85972254,bosedii3 Anizar28818848 Alfamaulana01 kumparan aniesbaswedan
Dodik85972254,mrzach28 CNNIndonesia EmangUdahSakit ririhadidd
Dodik85972254,Toperendusara1 akunsukas TirtoID berlianidris dayatia panca66
Dodik85972254,cnbcindonesia
Dodik85972254,b4n9y05 Fastforward92 Hasyimkhan3 yunartowijaya
arigayo1997,prastow jokowi KemenkesRI
naomemego,Pancookiee
JmJovial,jokowi
Last__Sword,zarazettirazr
MustanginAli3,demoSoCRAZY msaid_didu
MustanginAli3,demoSoCRAZY
BanyuCakraBuan1,AlviandraRahmat Dennysiregar7 musniumar ReflyHZ hnurwahid MardaniAliSera tifsembiring haikal_hassan ustadtengkuzul AnakKolong_
irmawindya,yunartowijaya ainunnajib
AdityaVVisnu,DonFlamingo_ sahaL_AS
Hanifah933,AriestaRiico_
Hanifah933,tjhinfar21 aniesbaswedan
akhwatelya,Syarman59 GeiszChalifah agung_darmad1 JimlyAs AliNgabalin1
akhwatelya,zarazettirazr
Syarman59,GeiszChalifah agung_darmad1 JimlyAs AliNgabalin1
MaulanaSB1,PeterUdayana kamalbukankemal
haiduarmemek,satrialenzun
Rahman4689,CASIGO2 fadjroeL
Rahman4689,Alfinmaulana105 hardimanasarga Moehamad07Yusuf msaid_didu
Rahman4689,hardimanasarga Moehamad07Yusuf msaid_didu
Rahman4689,Sigmahalim msaid_didu
JuraganBeras15,YusufNusantara1 airlangga_hrt
SultonAulia90,mudzakirmanaf ariefkhrisnawa1 yono_1977 ridwankamil
ariefjohn_94,prasendhy_ mustafa04101979 dpermadhy campusteast CNNIndonesia ridwankamil
MariadinyNia,andyydepp Fahrihamzah
MariadinyNia,hervanka Fahrihamzah
MariadinyNia,hervanka Fahrihamzah
Iyoush2,eko_kuntadhi
harryminangki,aniesbaswedan
harryminangki,tribunnews aniesbaswedan
cat5ims,txtdrpemerintah
cat5ims,AREAJULID
P_Eneste,MARQUEZ__93 mohmahfudmd aniesbaswedan
P_Eneste,WahabisLokal Pencerah__
mus_tya_na,annisalfr
WahyuSe06118463,jokowi
WahyuSe06118463,aniesbaswedan WahidinHalimWH jokowi PerekonomianRI DPR_RI
dhikAJA,_oesoep
IhsanWege,brandal_baru kurawa
SilitongaLukas,AV4tarPemburu ChusnulSyantik aniesbaswedan
katzefaule,inggavalensi
katzefaule,jokowi
JujurRindu,rudywijananto Dennysiregar7
JujurRindu,raja_pasar Dennysiregar7 aniesbaswedan Gerindra prabowo
JujurRindu,fauzanalazmi1 SarumahaBoy br_am007 Dennysiregar7
aqinmuhammad,AdhieMassardi
ChristiantoChr1,kompascom
awmeyy,subtanyarl
inggitababiel,RestyLeseh BimaAryaS
Buyungkiu,Kumis_Separoh
Linden_Dollar,putri_melayu02 DaengKayo89 cak_daus jpnncom
Linden_Dollar,DaengKayo89 putri_melayu02 cak_daus jpnncom
Linden_Dollar,putri_melayu02 DaengKayo89 cak_daus jpnncom
Linden_Dollar,DaengKayo89 putri_melayu02 cak_daus jpnncom
Linden_Dollar,putri_melayu02 DaengKayo89 cak_daus jpnncom
Linden_Dollar,putri_melayu02 DaengKayo89 cak_daus jpnncom
Linden_Dollar,putri_melayu02 DaengKayo89 cak_daus jpnncom
Linden_Dollar,putri_melayu02 DaengKayo89 cak_daus jpnncom
Linden_Dollar,putri_melayu02 DaengKayo89 cak_daus jpnncom
Upik13861710,CNNIndonesia
Upik13861710,AdhieMassardi
DaengKayo89,Linden_Dollar putri_melayu02 cak_daus jpnncom
DaengKayo89,Linden_Dollar putri_melayu02 cak_daus jpnncom
DaengKayo89,Linden_Dollar putri_melayu02 cak_daus jpnncom
putri_melayu02,Linden_Dollar DaengKayo89 cak_daus jpnncom
putri_melayu02,Linden_Dollar DaengKayo89 cak_daus jpnncom
putri_melayu02,Linden_Dollar DaengKayo89 cak_daus jpnncom
widie1023,TyasZain
Yusup20236540,sdnarm dpermadhy campusteast CNNIndonesia ridwankamil
xxsnide,reejakulasi
iqbalbaskara,ChiJauw
iqbalbaskara,ChiJauw
ImamSetyadi92,jpnncom
advirahmad,infojakarta
HariesRegar,jokowi
HariesRegar,jokowi
d_khmer,detikcom
d_khmer,tempodotco
kutanampelangi,SudahToh mohmahfudmd
Valkyreism,ridwankamil
Kurnia_arif,tempodotco
secret_Govermen,ILCtv1 aniesbaswedan
secret_Govermen,CNNIndonesia
yudianto99,jokowi DivHumas_Polri
Budiarm90670443,mohmahfudmd
ArieSondang,MataIndonesia8
cendanao,Adhi_Beka2 KadarismanSang yunartowijaya aniesbaswedan
cendanao,GembhelWedhus NijarDoni msaid_didu aniesbaswedan
QuRosa4,Hilmi28
ardianto_,wellylie99 DKIJakarta aniesbaswedan JSCLounge BangAriza dinkesJKT
JRoberts38,ivn_bin sariosulifany Muhamad_S_Adi faustafarel
JRoberts38,ivn_bin sariosulifany Muhamad_S_Adi faustafarel
diantaratitik,ch4fa sunjayacandra Pejuangrebahan1 ridwankamil
diantaratitik,sunjayacandra IisKusnawati ch4fa Pejuangrebahan1 ridwankamil
Agustin0708701,musniumar
Agustin0708701,msaid_didu
reza_granesha28,nastrovia27 CNNIndonesia
joewitjak,Dennysiregar7
vicmarhugo,_21Riz
_21Riz,vicmarhugo
bukandiogenes,FWBESS
gevi0619,RrgDevino 2024ErickThohir Fahrihamzah aniesbaswedan jokowi
Ecostud_,collegemenfess
WorSkyNoSky55,RrgDevino Riesta081980 2024ErickThohir Fahrihamzah aniesbaswedan jokowi
rizkynuramal,JimlyAs
shiaLebaou,Hans7912 ChusnulSyantik
shiaLebaou,MrsRachelIn
shiaLebaou,Hans7912 ChusnulSyantik
shiaLebaou,DTanjung15
shiaLebaou,jumianto_RK aniesbaswedan
shiaLebaou,seruanhl
makindiDepan,404IPv rtbrl Kayra40683526 Radar_Aktual
xxtendji,subtanyarl
kanlutau,MDaffai
jerezSamudra,Ellinisam SafitraEfri detikcom
Teslaa23,marshajeno
nabiila29,subtanyarl
eedo_realman,binsarnixon2 MARQUEZ__93
BasmiKadrun,chidory_ PartaiSocmed jokowi
SuddenD01990860,nastrovia27 CNNIndonesia
kemiri,petengzone IrwanSido hiYano
tukangkebunkata,boyrizautama
farid_wajdi70,paijodirajo
Bulu_Hidung_,worksfess
Yourlocalsartre,FirmansyahCatu1
lianalesham,hanathab
AndiHwj,yankwr MrajaDm cepe0216 hnurwahid jokowi
nastrovia27,CNNIndonesia
journaloey,sagityeol
journaloey,sagityeol
BilaBiyak,deryglow
donghyuuc,BilaBiyak
il_y3sss,ridwankamil
SRyanto94638978,yusuf_dumdum
SRyanto94638978,sampahperadapan
SRyanto94638978,Mawar_Hitam09 AntonStefanus
SRyanto94638978,iz_rizmaya buin83 bumnbersatu
SRyanto94638978,eko_kuntadhi
alax_batax,Tebegaya yono_1977 ridwankamil
MsyaiinS,CNNIndonesia
bountychaserr,61stRadical
ayah_haiping,digeeembokFC
Bams_1eng,bumnbersatu
suarabawahtanah,AndiArief__ aniesbaswedan
suarabawahtanah,tempodotco
suarabawahtanah,AdhieMassardi
tony19isme,bumnbersatu
nutrisarimango,bojone_konco sbyfess
nutrisarimango,bojone_konco sbyfess
Alfinmaulana105,Rahman4689 hardimanasarga Moehamad07Yusuf msaid_didu
RamaputraAldo,KemenkeuRI jokowi
SweetCorn1883,CNNIndonesia
goen_hpm,HatiHatiHalu
nanangsyaifudin,LokadataID
soojunggii,sinisukaanthony
Nenenddd,DanialRahman27
sariosulifany,ivn_bin JRoberts38 Muhamad_S_Adi faustafarel
sariosulifany,ivn_bin JRoberts38 Muhamad_S_Adi faustafarel
ellyaqul,wordfangs
ellyaqul,armandanimita
ellyaqul,bintangemon
ellyaqul,armandanimita
finairakara,daffana
Betzlectric,jokowi aniesbaswedan
sesuapnasi_,noormafmz
farhan_ariza,detikfinance
Comment_25,KompasTV
Comment_25,hnurwahid FPKSDPRRI
Comment_25,kompascom
Comment_25,maximilan_angel
Comment_25,korantempo
Comment_25,kompascom
Comment_25,kompascom
Comment_25,tvOneNews
marlin_rizki,Susierna
Spring_LoVe8,hwang_deep
Haseena612,AdalardBanim adietgembuLz paruliant_ ari_trismana
Haseena612,AdalardBanim adietgembuLz paruliant_ ari_trismana
TentacleFP,PabilaEsok
kutilkutu,RadioElshinta BNPB_Indonesia
ellastnight,tadunkdunk
hibribrii__,Uccy408
AdalardBanim,Haseena612 adietgembuLz paruliant_ ari_trismana
tanggal02,denis_zonrembo Nugraha62881273 YogaMA1001
hi_pian,askrlfess
iwalanwar,Dennysiregar7 yunartowijaya
rendrasejati,DTanjung15
coy96711647,gagal
Thomass90392754,bumnbersatu BloonGebuk
Thomass90392754,Nusanta28872448 ChusnulSyantik
Thomass90392754,EmillyLuwita46
Thomass90392754,AnakKolong_ DKIJakarta
Abah771,msaid_didu ridwankamil aniesbaswedan
GunendraAhmad,ovan_ghozali1 aniesbaswedan
Hoozel2,dayatia
YusufNusantara1,airlangga_hrt
YusufNusantara1,DiniHrdianti
trustissues1002,jamugenerik paperb0ys manu_siabiasa
RMondrokumoro,eko_kuntadhi
RMondrokumoro,TsamaraDKI AnggriantoJohny PSI_Jakarta
RMondrokumoro,TsamaraDKI AnggriantoJohny PSI_Jakarta
nurulrahma,mbakavy
belokkan,TsamaraDKI PSI_Jakarta
AbankTho2,Bimasen51315323 FirzaHusain
TjahyoUnky,bumnbersatu jokowi
dwiki_411,Dezashy
dwiki_411,habibah_asma
centangbiroe,msaid_didu ridwankamil aniesbaswedan
ekosepu29496095,Pencerah__ ciwe_l aniesbaswedan
Tommy21MV6,Rahman4689 hardimanasarga Moehamad07Yusuf msaid_didu
RKrisbiantoro,lukasomanalu
Fu65518884,hamidah_hidayat h4mz4h08 Fahrihamzah aniesbaswedan jokowi
habibfaisaln1,svytd
ACNugraha4,CNNIndonesia
rerewant1,DTanjung15
EkoSepu21260933,YouWillKnowDwi DPR_RI kemendagri aniesbaswedan jokowi
EkoSepu21260933,jokowi
EkoSepu21260933,jokowi
ntar_yaa,FerdinandHaean3
Albertilalang3,cintanegeriqu PantunJ2P
paimo469,DTanjung15
rizkimono_,alyzabachmid jsscaprmrth
NangaLamba,AV4tarPemburu NayDonuts jokowi PolhukamRI KSPgoid
NangaLamba,tjhinfar21
armando_aap,Harian_Jogja
sembilanbumi,DavidWijaya82 karniilyas
rossy_triska,bebykl
Miduk17,aniesbaswedan
shield17845,Pencerah__
shield17845,Mayariris2 Paulus_willy
chrrywine_,bootle9rascal
Nugraha62881273,YogaMA1001
tsetiady,Aswicahyono
JoyMeyAra1,AirinAirin_NZ ChusnulSyantik
JoyMeyAra1,jr_kw19 Rizmaya__
EddySumarno7,ayah_haiping musniumar
GusDaAD,MariadinyNia Fahrihamzah
RyanaAndhini,DTanjung15
Udien_Marbot,jr_kw19
Udien_Marbot,SudaryantoFany
Novrdx1,tribunnews aniesbaswedan
Novrdx1,aniesbaswedan
Novrdx1,FerdinandHaean3
DamanikTomok,kompasiana kompascom aniesbaswedan
IndonesiaBaikId,bps_statistics KemenkeuRI
Mosan40235070,NayDonuts
PakJenggot__,NayDonuts jokowi
ninanenen,nonebetawie
COREIndonesia,YusufRManilet CNNIndonesia
COREIndonesia,KontanNews
indra_agusta,iqbalrizaldi91 jokowi
irene_bee,buss1026btm2 Dennysiregar7 aniesbaswedan ridwankamil Kemendagri_RI titokarnaviann
kangjengfarhan,ainunnajib jokowi
oswltcobblepot,isyanasyaa
muh_dhik,VICE
Betchek1,americanoo_ice
americanoo_ice,Betchek1
hamidah_hidayat,h4mz4h08 Fahrihamzah aniesbaswedan jokowi
CryptoTuku,kanitanafiza _rrengginang
Theraid26619689,DTanjung15
Ephraym9,ShyaReepah
Ephraym9,ShyaReepah
Gandos_Akek,medcom_id
Rafael98778548,AlviAchdiyat
Sitiroh26584482,DTanjung15
pinklabzz,jokowi
obatpuyerr,beingluvyouall
_rani1603,lintang_ayoe
sumoburloff,detikcom detikfinance
Toperendusara1,SirianaGde aniesbaswedan berlianidris DonAdam68 RamliRizal
SriRedjeki2,hnurwahid jokowi
SabdoWiro,Fahrihamzah aniesbaswedan jokowi
SabdoWiro,Zaein92958331 msaid_didu aniesbaswedan msaid_didu
naracandraa,davidaje bomangco dayatia
wattisoemarsono,DTanjung15
kenzhy_trueblue,Ellinisam SafitraEfri detikcom
Soerja_Tjahaja,Kadrun_GL aniesbaswedan
Alfiansyahfahri,PojokSatu
ryanjscot,irzan_wiratama drpriono1 KawalCOVID19
sfi4ns,TeddyGusnaidi
sfi4ns,didienAZHAR hartanto_mas
alenkalenk,rcchanee liyilyliy coImmq txtdrpemerintah
Blowfis20,KelinciPaskah TirtoID
Blowfis20,mazzbul CNNIndonesia
Kenzo_Hamtaro,Hilmi28
surjoharsorama,evapaw
ApriliaLin,shield17845 juliaribatubara KemensosRI
Ariel97944598,hariankompas
weechankawai,Ellinisam AnggriawanSend1 SafitraEfri detikcom
Arrasyid661,KompasTV
supriya62582459,ridwanhr
mufidmommy,ezash
wahyu_djanti88,DTanjung15
whatever_u9,rharatuas mickby detikcom detikfinance
AChiekal,TsamaraDKI PSI_Jakarta
AChiekal,yunartowijaya
si_mon_ey_e,FerdinandHaean3
failed_edgelord,TaniAndani
Ad1winat4,aniesbaswedan
ICM212,DTanjung15
OeiYokSoe499,aniesbaswedan
kusiadelman,ogiwicaksana yadiwinarto firmanyursak
Batax_Nasional,Dennysiregar7 aniesbaswedan ridwankamil
Batax_Nasional,mastotoping pasiencorona buss1026btm2 Dennysiregar7 aniesbaswedan ridwankamil jokowi
trah_jawa,GeiszChalifah aniesbaswedan
DekRizkia,DTanjung15
ogiwicaksana,yadiwinarto firmanyursak
Obusaja,Ellinisam SafitraEfri detikcom
Prasety72595950,buss1026btm2
Prasety72595950,Mawar_Hitam09
Prasety72595950,LOVE_AG4EVER
Prasety72595950,LOVE_AG4EVER
Prasety72595950,__GoldenAngel_ aniesbaswedan
Prasety72595950,FirzaHusain
Prasety72595950,MrsRachelIn jpnncom
Prasety72595950,MrsRachelIn
yunisyafitri_,alchemistjumat
widyaneny,khairunnisany SafitraEfri Ellinisam detikcom
umarfaruqi_SHI,Bungaku_Seroja
dimasnpratama,detikcom
abimaLTR,tifsembiring msaid_didu sandiuno MardaniAliSera
nova__setyanto,CNNIndonesia detikfinance
fia_life,NFiaLysa
febrianjrit,ridwanhr
Oh_Myfish,loonakimlip
CLELYLY,RudyRoedyanto
vinosa,Ellinisam SafitraEfri detikcom
andri_attitude,Sadako_jenong69
Sadako_jenong69,DavidWijaya82
Sadako_jenong69,andri_attitude
NapitHerman,MaspiyuO
Choco_strwbrry,aharisth Indramustaqim imanlagi
bangacit,sophia_ov
ajidaribawa,fthnrmdhon_i txtdrpemerintah
achingjpl,DTanjung15
KareefCool,mpok_intan aniesbaswedan jokowi
jujulahpadaku,rlthingy
gocengseribu,rlthingy
tirtapandia,ainunnajib
Gue_Notonegoro,faridaliee
HujanAngin__02,Ellinisam SafitraEfri detikcom
centengbetawi,TsamaraDKI PSI_Jakarta jokowi
jingin_bicit,panca66 airlangga_hrt
_n_1_7_,RestyLeseh
Yeniang64829551,sathanashelvete geloraco
Yeniang64829551,AndiArief__ aniesbaswedan
Mohamad50983447,AirinAirin_NZ tjhinfar21 ganjarpranowo BimaAryaS ridwankamil
Mohamad50983447,__GoldenAngel_
Mohamad50983447,DavidWijaya82
Mohamad50983447,seruanhl KakekHalal aniesbaswedan
pretdacuih,firdzaradiany fullmoonfolks
fsenewe,arifrahman0909 ainunnajib
B4hDeon,aniesbaswedan
NengEstiii,savicali
DavidWijaya82,Mohamad50983447
ii_aris,megaxuz detikcom detikfinance
ii_aris,megaxuz detikcom detikfinance
rynygskt_,derryaraditya hrdbacot
KakekHalal,jokowi kemendagri dprddkijakarta aniesbaswedan DKIJakarta
KakekHalal,jokowi PerekonomianRI airlangga DKIJakarta
qovidja,Alterthingy_
TobroniU,haikal_hassan
_oki_10,tempodotco
CoffeeL75378608,Dennysiregar7
CoffeeL75378608,Dennysiregar7
CoffeeL75378608,Dennysiregar7
meow_leader,DTanjung15
meow_leader,VIVAcoid
Dch1203,03__nakula
KangScroll,JackVardan
nasibwni,yusuf_dumdum
teddygalodo,Nebukadnezar88 DadangSupratman TsamaraDKI PSI_Jakarta
nuriaarifianiAP,annisandew
FreemasonryID,Ellinisam SafitraEfri detikcom
salima252,DTanjung15
Ellinisam,SafitraEfri detikcom
Ellinisam,AnggriawanSend1 SafitraEfri detikcom
Ode84,osenkgambas
1gyulnoona,anzahgyul
_Ratnadewanti_,KontanNews
maxramajaya,Ellinisam SafitraEfri detikcom
Coronna_Update,JYVL ricerch1 drpriono1 KawalCOVID19
DuewiWibowo,DonAdam68
Dhany019,MardaniAliSera
LisNcup,CiungKana
ojowagu1,customkarawang Dennysiregar7 aniesbaswedan
BlackYudhistira,aniesbaswedan
Daniel45160602,Indonesianews15
Daniel45160602,Dennysiregar7 DKIJakarta aniesbaswedan
nadiirrrr__,undipmenfess
KampretSejati3,Ahyu_Mentari Hanifah933
rifahri_fahri,hizkiayosafats
New_BUFFETT,FerdinandHaean3 jokowi airlangga_hrt erickthohir kemendagri kemenkomarves TjahjantoHadi DivHumas_Polri
Widyaisback,FerdinandHaean3 jokowi airlangga_hrt erickthohir kemendagri kemenkomarves TjahjantoHadi DivHumas_Polri
mitraref1,kumparan
ininaawaa,Fang_thome
songkowisongko,Miduk17 caitlinlauretta
OfficialRCTI,okezonenews
ronnieradking,Sultanmzaki1 s0ftcandy
JYVL,ricerch1 drpriono1 KawalCOVID19
ricerch1,drpriono1 KawalCOVID19
kaukutangkap_,NayDwiyana
surya_trenggana,tkjcrew
chachuul,febrohandoyo
encupoyooupo,BecaMamat mohmahfudmd
encupoyooupo,demang_semprul ithuts yazid_fadhlan dimas_skeptis mochamadarip
encupoyooupo,Jeff_Zain mohmahfudmd
Shelbyy10905326,Drysnowing subtanyarl
demang_semprul,ithuts yazid_fadhlan dimas_skeptis mochamadarip
parisvarisfaris,fifachazali
parisvarisfaris,nathanaeldotid
parisvarisfaris,nulisbuku
Hinami_fueguch,Elina_Vay
ramadhank1440,FaldoMaldini
Pribadi20115,tansahbarokah Rismaayunur kangpree
Zoologi16018916,Dheejhe1203
cristantodn666,Elina_Vay ArifinNKRI1 jokowi
cristantodn666,Elina_Vay ArifinNKRI1
alipfadilah1,henrysubiakto
IrvanAUtama1,RamliRizal jokowi
Enda863,FerdinandHaean3
mhutauruk,KompasTV
mhutauruk,tvOneNews
DarmadiAktivis,jokowi
ZakyZakyzey,Dennysiregar7
megaxuz,seruanhl
megaxuz,lukmanpohan08 detikcom detikfinance
megaxuz,detikcom detikfinance
megaxuz,Ar1Pangeran
megaxuz,ii_aris detikcom detikfinance
Samm1dhana,DeHoutman_id
Nitro_Foxit,FerdinandHaean3
Nitro_Foxit,nathanaeldotid
sambattoheal,BruceWayne888
andicha53031976,DKIJakarta aniesbaswedan JSCLounge BangAriza dinkesJKT
KaspoFull,Reinaldygerwin1 yunartowijaya aniesbaswedan
Vickry85660270,BalaBalaCocol wati_hestia detikcom detikfinance
rockstation17,ghanieierfan
HendriPurnadi,kabarpolitik msaid_didu
HendriPurnadi,AnthonyBudiawan msaid_didu
Covidhikmah,yunartowijaya
sisgro20,hadifianwidjaja ytitok sehatdirumah herisyusuf11 AnthonyBun yunartowijaya
sisgro20,ytitok sehatdirumah hadifianwidjaja herisyusuf11 AnthonyBun yunartowijaya
sisgro20,yoitsbol G4lK3nKu_5 umatsabtuminggu AChiekal CNNIndonesia
sisgro20,hadifianwidjaja sehatdirumah ytitok herisyusuf11 AnthonyBun yunartowijaya
sisgro20,hadifianwidjaja ytitok sehatdirumah herisyusuf11 AnthonyBun yunartowijaya
sisgro20,hadifianwidjaja sehatdirumah ytitok herisyusuf11 AnthonyBun yunartowijaya
sisgro20,hadifianwidjaja sehatdirumah ytitok herisyusuf11 AnthonyBun yunartowijaya
vonnydavon,herman_depp VIVAcoid
kang_dikibulin,Hilmi28
ebk_id,Dennysiregar7 aniesbaswedan
AniSuyanti2,WagimanDeep212
aprivnto,groozsa
404IPv,kapuyuak_24285 far_hay tifsembiring
pranamawada,Adistiy
chaidierizaldi,lantangsayang
Adistiy,pranamawada
MuhammadTB10,dapitnih
YNTSWN,sunnydusk_
Hendra_M2020,MusafirRantau detikcom
moohaiimeen,ainunnajib
kenzo78418261,podoradong
RainiDede,koran_jakarta
masiambdl,Adnanw_8 babyrrage
Nengnopie2,CNNIndonesia DonAdam68
gigihsyb,hamambr
gigihsyb,hamambr
DomiThaliaPutri,Hery091068 kurawa
BurhanudinKama1,yunartowijaya yunartowijaya
RFadilla,RyanMauladani
andimhal,Dennysiregar7 aniesbaswedan
andimhal,detikcom detikfinance
kikiewah02,fagan1892
HasanuddinAslam,yunartowijaya
Jeliten19381582,Pencerah__ denni_loyz
Cantika_Rahayuu,geloraco
Cantika_Rahayuu,FerdinandHaean3
LoneSkoll,aniesbaswedan
TyasZain,Akbaaruu
sylvkartika,malegorgon
Muadz38588306,zarazettirazr
sawitindonesia,jokowi Kiyai_MarufAmin airlangga_hrt KemenkeuRI
sulchan,detikfinance
AyamSegar3,glondhorjaya Liz3b3d FerdinandHaean3 ruddyan2 aniesbaswedan jokowi
solebayah,CNNIndonesia
MattRai3,CatatanAli07 _doncorleone_78 aniesbaswedan ridwankamil
aldrinjuliant,rbrianoc
AdrianiDani,Merryabahri
AdiMawa22441862,akich4y ustadtengkuzul ProfYLH tunagajah Kemenag_RI
edoth76,idtodayco abraham150395
edoth76,bangGo_zally mawisevendry CNNIndonesia
RizkiKautsar2,detikcom detikfinance
DedenMula,FerdinandHaean3
IpinzAnt,kapuyuak_24285 far_hay tifsembiring
AsepMul79,podoradong Ety67569221
Ykaz_23,TirtoID
joni_dull,_KingPurwa
bayhndn,mohmahfudmd
kapuyuak_24285,far_hay tifsembiring
kapuyuak_24285,Candraasmara85
kang_akuy,msaid_didu aniesbaswedan
AlphaZenyth,marlina_idha airlangga_hrt
CopySalsabila,aniesbaswedan
RasMelayu,ustadtengkuzul
LidyaSu54839882,gie_surya Fahrihamzah nadiemmakarim jokowi
fauzanalazmi1,JujurRindu SarumahaBoy br_am007 Dennysiregar7
keretaterakhir,anindamayanti setyassida
keretaterakhir,setyassida anindamayanti
Irfansyahirawan,RamliRizal
anindamayanti,keretaterakhir setyassida
Maryasan_Acan,podoradong
Shishi_Son2,SarumahaBoy JujurRindu Dennysiregar7
Batas_Air,hegar_pramastya ilhamnug12 drpriono1
inrachma,SantorinisSun ellreborn DiniHrdianti
antoauuuw,PojokSatu
Oposisi46,Kiyai_MarufAmin
ba_ger91,gadisresidu_b3
ba_ger91,Mawar_Hitam09 AntonStefanus
ba_ger91,FerdinandHaean3
hsza81,TirtoID
rizkyahmadmudza,liputan6dotcom
MohamadAlifin,Baracuda1818 aniesbaswedan
rasamalasp,jokowi
ArbiNursalim,AriestaRiico_ ChusnulSyantik
Rismaayunur,Bandungsinggoe1 jericho_792
andwikapandoe,psychdvck muhyii_
GreatHeimdall,febray detikcom detikfinance
efandiwd,ernestprakasa
Refan8285,MAndiPalallo JamalBoegis
vanMaretan,republikaonline
Budijon76660606,Kanseulir
Budijon76660606,Kanseulir
NagaGiok,FerdinandHaean3
grumpybora,bennymax_
nyctophiliiiaaa,evadarkmn ZombieLaper adityapriangga txtdrpemerintah
d3ni0dang,WartaEkonomi
ThisIsLons,mauludirfd15
M29___,dimasajalah_ yuana_kusuma eko_kuntadhi
OnlineRejeki,ChusnulSyantik
wandi_atjeh,podoradong
BuddyA9ustian,LenjelMelah_II
BuddyA9ustian,ChusnulSyantik
semut_dahsyat,yunartowijaya
VADUKA___KOLAK,yohanes1899 Um4t_N4b1 Gajahmodo3
KompasData,Santijuntak
yohanes1899,Um4t_N4b1 Gajahmodo3 VADUKA___KOLAK
Gue_Influencer,marlina_idha
Rafiqiganteng,Dennysiregar7
soejitno_,VIVAcoid
lambung_perih,Sahabat_Bangsa RamliRizal
DavidWijayaNew1,januar_soesanto jokowi
Faldylouis_,radeniqballl
febb_md,Baracuda1818 aniesbaswedan aniesbaswedan
Nusanta28872448,__MV_llestari__
Nusanta28872448,ChusnulSyantik
BChanAndh,Uki23
BChanAndh,FerdinandHaean3
andifilli,aniesbaswedan
bondreee_,AndiNaomi_ qorygore
govindatayataya,CNNIndonesia
govindatayataya,yunartowijaya
grexcell,ChusnulSyantik
affanusman,jokowi
affanusman,jokowi
affanusman,jokowi
affanusman,jokowi
flonoviadinda,jokowi
nisynwafer,TGIAmHot
nisynwafer,TGIAmHot
nisynwafer,TGIAmHot
nisynwafer,ladyanggie_
TGIAmHot,nisynwafer
TGIAmHot,nisynwafer
Kanakinikuna,txtdrpemerintah
Kanakinikuna,VADUKA___KOLAK ezash
edi_21_muda,kumparan
onysaputra,ezash
rinteez,PresidenKopi
myrazra,kumparan
Gignesia,fmkinanti
Kelurahanbabah1,detikcom
himillimeter,TirtoID
rajadau88023942,KompasTV
Mbooo19,kumparan
Hasbyashshidd17,Abdullah85Apa
dedikos65691264,eko_kuntadhi Urashimax1
kukuk4kikuk4ku,oentoengsuratma Dennysiregar7
MuhtarSahid,stupdasshole _kode50kplus
Saifulan11,AV4tarPemburu aniesbaswedan
SonoraFM92,kompasiana
HaytllhKhumaini,aniesbaswedan aniesbaswedan aniesbaswedan
denioktora,TheLemonator01 FerdiPoniman absolutia
Alam93576647,RamliRizal
Ridhoi95544912,CNNIndonesia
annisaramadh,mahmudsnav
pampreys,berlianidris
lukmanpohan08,megaxuz detikcom detikfinance
lukmanpohan08,megaxuz detikcom detikfinance
lukmanpohan08,megaxuz detikcom detikfinance
GusEmIeR,RamliRizal jokowi
YuliYullie13,NcuhiRiwo
mastersubmarine,aniesbaswedan
MaulanaHanifIb1,Ratmangondhez1 kkimttaehyng ganjarpranowo
DiazHaq,FiersaBesari
rezkykzain,sociotalker
lelakimusaja,aniesbaswedan
yukashinodaz,donie_bkt ainunnajib jokowi
boomblochat,sbmptnfess
RevealGanz,meawmiaumaumao bagaspatih_ CNNIndonesia
RevealGanz,allfatherrr meawmiaumaumao bagaspatih_ CNNIndonesia
fikamhrni,GiveawayWoy
indrapradana,firdzaradiany
BecaMamat,RiauPutera
BecaMamat,__MV_llestari__
BecaMamat,encupoyooupo mohmahfudmd
act_1000ide,ridwankamil ata_lia
arnez131,Alvian_22 shiaLebaou yunartowijaya
Souki26163368,FerdinandHaean3
Rian07125491,CNNIndonesia
eko2471,mickeynasution
SelvianaVhera,KeeNand__
Budisan49625819,kantayu
Rahadie6,ulil jokowi
prakorso28,ryanfilbert
gHormatKulas,fadjroeL
gHormatKulas,agusjabo33 mohmahfudmd
Fi3NurulHidayat,timescoid
msofyan,lionindra
julioalexandder,FerdinandHaean3 aniesbaswedan
bettercallrast,shintah
sabdokinaseh,jokowi
sabdokinaseh,jokowi
Ardian36933472,RamliRizal
sgdxa,Noartinc
rvrnyaceliz,VIVAcoid
RamaAkbarr,RamliRizal
wondereez,minhyungjenolee
erwinsy88733727,TofaTofa_id
Corona_Kafir,Yuzi78410464 aniesbaswedan
efenerr,willbehere_
Adorikun,Darwizin _geboy kusumok aniesbaswedan
Doraemon_jokher,kumparan
DhucaNa,younaprill younaprill
ihzayn__,frapfukcino
DebiIqbal,TirtoID susipudjiastuti
middaymyday,chifauziah_
yanri19,ridwanhr
KurniawanAA5,NgomonginUang
abud91,KontanNews
hadiprayitno82,prastow gendugresa Beritabaruco KemenkeuRI
hadiprayitno82,prastow Beritabaruco gendugresa Beritabaruco
hadiprayitno82,prastow KemenkeuRI
hadiprayitno82,prastow Beritabaruco KemenkeuRI
hadiprayitno82,prastow gendugresa Beritabaruco
_24081984_,VeritasArdentur
_24081984_,datuakrajoangek
_24081984_,jokowi Dr_Moeldoko pramonoanung KSPgoid KemensetnegRI setkabgoid KemenkesRI KemenkeuRI
sabiwir1,Cuklam1
mikhaelsihotang,txtfromasgaol
IsmailMangngaga,azhar_arsyad dpngerbangtani IdhamArsyad_GT
bangka_urang,KakekHalal jokowi kemendagri dprddkijakarta aniesbaswedan DKIJakarta
davinwiratama,penjoool
m30w3d,republikaonline
squaal1983,yunartowijaya aniesbaswedan aniesbaswedan
txtfromasgaol,mikhaelsihotang
kendydanangp,schrodinger1111 sodikwuryanto
udaytokay,Dennysiregar7
_geboy,Darwizin Adorikun kusumok aniesbaswedan
Morvious1,remioktavisa78 salsabila0307 MARCIAA2002 HeriAfandiHara1 Dennysiregar7
Morvious1,moechlissinna Dennysiregar7 DKIJakarta aniesbaswedan
rafsyanzanic,IndoWorkAbroad
7cypherr,tiffaniafifa
KuntungL,Dennysiregar7
Agushirmawan4,Kiyai_MarufAmin
abcd2878,jokowi
abcd2878,Menlu_RI
yusuf_jerr,FerdinandHaean3
musslihuddin,dansusuuht Yupigoreng AREAJULID
auliafauziyah20,aniesbaswedan aniesbaswedan
Vicky_erFu,JSuryoP1
AgusmanTrotoar,jokowi PRDIndonesia
flixsander_033,Dennysiregar7 aniesbaswedan
akunugraha17,adityadwip kompascom
dwikyardiansyxx,anggialrhm aMrazing
geniusdexter,suramuram
Setialesmana,FaisalBasri
erafoxna,Alexand39312118 geloraco
ewinyarto,RestyLeseh
Bagasdiii,tempodotco
Bagasdiii,mahadewa1986 NijarDoni msaid_didu aniesbaswedan
Bagasdiii,yunartowijaya
fachrihs,CNNIndonesia
supiandialways,Stevaniehuangg aniesbaswedan
yonatan_hendra,subtanyarl
dodychandrap,malvinyoga
Annemar28373413,mastotoping Dennysiregar7
osymelati1,jokowi CNNIndonesia PartaiPDIP
Nawanaian,GiveawayWoy
Sesmawati,Dennysiregar7 aniesbaswedan
pamungkas82,U_y_o_k ruhutsitompul
wak_iyoung,Namaku_Mei
thmskr_,aniesbaswedan
Jonatan_Agt,suckurwords
Syamsul89498597,bangZhack68
hepipurwana,aniesbaswedan ridwankamil
tawakkaI,citotm
tawakkaI,DeFebri12 hrdbacot
tawakkaI,bdngfess
mickeynasution,eko2471
dsyshmrz,fzhrahmii
Dominic92569613,KompasTV
gudmoaning,rlthingy
AntiSerdadu,Pencerah__
avawibu,kumparan
RaihanMkk,riki_dharma1
haikalbenz,CNNIndonesia
kuburanburhan,munfess
ibarthim,jek___
holysinnerss,Christian_roy21
bingarwijayanto,geloraco
CSantoso23,wahyu_aji_ BintangNusa ramaluber
Skuyliv04018115,Blowfis01942063 iqbalprdn july3787 KelinciPaskah TirtoID
ms_kumkum_Ie,Pencerah__ KPK_RI
rsdnetid,ChusnulSyantik
EAJxME,MIYAWAKIxME
BadgirlRealbad,ChusnulSyantik
noviyandi_andi,republikaonline
harya_bima,Rizmaya__
harya_bima,Dennysiregar7 aniesbaswedan
harya_bima,FerdinandHaean3
enamsalavan,angkvgadang
bertukarwawasan,jokowi
fudge_ri,ehhbangbis_
UnitedT78926272,kumparan
Ronibule2,Winardhi__ NinjaCir3ng
Hai_Krisna,cxtiepaww
PresidenSIAL_RI,NcuhiRiwo
keariefan_lokal,tempodotco
ezasyabani,TirtoID
tersantuy07,AnakKolong_ DKIJakarta
KeraSakti__,Pumkindblues SiahaanRotua1
KeraSakti__,ApriliaLin __GoldenAngel_
KeraSakti__,FirzaHusain
KeraSakti__,ana_hutagalung __GoldenAngel_
KeraSakti__,Blacckspiderrr __GoldenAngel_ MaspiyuO
mastori,pantone334c Guwonrizki kang_batag0r
albe47207870,WibiantoAndreas WagimanDeep212
azharudin_z,kumparan
Anggoro_Irvan_S,DiniHrdianti
dignity27,eko_kuntadhi
kopisusuaren,meinebunny
NEY_4PU3,Cuklam1
ianzsoefyan,FatahingNgabdi
asepapit,Rizmaya__
IqballMF,deni_wintaka
AmithA_HirscH,detikcom detikfinance
anti_kadall,dedenlazuardi msaid_didu aniesbaswedan
Anizar28818848,Dodik85972254 bosedii3 Alfamaulana01 kumparan aniesbaswedan
irwanto_4li,aniesbaswedan
Wahyudi47603053,reformasimental KuncoroJati1234
guidedbyguff,TirtoID
guidedbyguff,rahung
crowdkilla,mediocrickey
MiliUrip,gojekindonesia
jerin_68,__GoldenAngel_
musashi_masabi,jokowi aniesbaswedan mohmahfudmd KemenkeuRI
musashi_masabi,jokowi
mrzach28,CNNIndonesia EmangUdahSakit ririhadidd
mrzach28,EmangUdahSakit Dodik85972254 CNNIndonesia ririhadidd
s_maretha,harwinDSP BellaLButar2
gloriamadona,Adiyankkk
pramtata1,MaspiyuO mprgoid DPR_RI jokowi
padang_london,ChusnulSyantik
agungpsambodo,geloraco
agamaprilo_18,Divvvooo
samc17895,geloraco
jodiker,sbyfess
NewsmakerMedcom,medcom_id
KahlilGibran8,Dennysiregar7 airlangga_hrt DKIJakarta
ophunkdoank,ChusnulSyantik jokowi
MIYAWAKIxME,EAJxME
nusantara_kita1,LiongkyTan no1priority1
SilaenF,NKRI_Heaven eko_kuntadhi
giigiipp,ntsana_
harukilubis,watashiwaget
fg_ing,chitattooes
KhambaliAchmad,tempodotco
ArieAble,Dennysiregar7
nvrnd_,fmdel
ThugTao,iscreambubblet
tonobuwono,gadisresidu_b3
tonobuwono,TirtoID
hers_coffee,kawananraja __MV_llestari__ LuqmanBeeNKRI
damnship,Dennysiregar7 aniesbaswedan
pfhusna,AchmadKhanif6 CNNIndonesia
nabila_azk,maylanitra
_tukangkopi,ChusnulSyantik
_tukangkopi,Rizmaya__
tasyaatmadinata,finiartiara
KuncoroLinus,RadioElshinta
fikaosman,erge17
Fos1M,liputan6dotcom
ewich2001,yunartowijaya aniesbaswedan
ewich2001,ainunnajib aniesbaswedan
KucingNanase,rumput_bodoh
rumput_bodoh,KucingNanase
fadlulrahman,republikaonline
GreatAzula,nathanaja7 cnbcindonesia
Bil_lubis,jokowi
nathanaja7,nakaluarbiasa yunartowijaya
nathanaja7,nakaluarbiasa yunartowijaya
nathanaja7,detikcom detikfinance
nathanaja7,ManusiaMerdek19 nakaluarbiasa yunartowijaya
nathanaja7,GreatAzula cnbcindonesia
ZoelFawzie,jokowi
suluhrifai,aniesbaswedan jokowi
Aji_st_,aandyeka_
romin0306,Dennysiregar7
arnold5508,jakpost
nasirm64_,syhlnrsnt Mtaufanr alfirizka justyenquy atpridwan anisptdr rsdarr_ lafishhhh Karepent longlivesprl fuyunghayy Faisalkan01 jek___
brohim_,kulalaaaaa
8ab2cad1a73d4fe,Fahrihamzah fadlizon
jejhee,_doraredre
krisna_dv,selfalienate
yudi_bongaz88,Dennysiregar7
rhesya_s25,CNNIndonesia
arie_efrayim25,Faisalkan01 jek___
AriefGka,YasriYurdi prastow aniesbaswedan
SyamSein,diantaratitik woykal TirtoID DKIJakarta
SyamSein,RadioElshinta aniesbaswedan DKIJakarta
SyamSein,detikcom detikinet
paman_to,CNNIndonesia
simpatisanPKS,CNNIndonesia
bkuntjoro,aniesbaswedan
Mamanbotok2,sherpa701
Ferlian_98,Dennysiregar7 airlangga_hrt DKIJakarta
FreedomforBebas,Dennysiregar7
mmarleyt,4Y4NKZ
mmarleyt,jokowi
asdindi,PartaiSocmed jokowi
fadieldito,diijeeh
susahhsenyumm,Dennysiregar7
DBrawzl,Dennysiregar7
atika_helmiati,jek___
PriaPriangaan,TirtoID
Yudha60945966,MrsRachelIn Dennysiregar7 DivHumas_Polri
IkhwanGo19,otw_crazy_rich ajjii10 NikitaMirzani
HarlemSulung,GuardianNKRI Dennysiregar7
pansospancake,Mirongtea
hasanulrizqa,TirtoID
Sonny98940058,Dennysiregar7
dokyong_,WisnuRamadi
dokyong_,Quvvatt
rtzfanboyhere,SyahSyahuka
fariisss__,HeriAfandiHara1 Dennysiregar7
axminvl,libursdtk
alxrpatrick,samuelmarcell_
RizqMuhammad3,hanux_ asumsico
udoydina,hnurwahid
stevenjhsiahaan,Dennysiregar7
Maaaass___,subtanyarl
muhiqbalr,TanahTanaman TradingDiary2 kaintaplak rgoestama
andriasbayoe,afifahafra79
gerbycptprdn,bagasyusuf CNNIndonesia alangooners
eggggsie,vegibanhmi
nuurizza,hostingcounter BigAlphaID
nuurizza,CNNIndonesia
Ayu_Irma,antania_p detikcom
jakapujakesuma1,mkusumawijaya
Tri_Ferdy,teguhpur DKIJakarta
Deeeeeny_,Ahoouy
UllyTanata,qronoz
titorunin,tashaaul fordempati
saungmirza,soc_politica RamliRizal
umatsabtuminggu,Dedyugel henrysubiakto
umatsabtuminggu,Dedyugel henrysubiakto
umatsabtuminggu,sevenismylucky CNNIndonesia
btharilianti,sementaraajah SandjojoS detikcom aniesbaswedan
kezzsuls,Tokocrypto ProjectSerum bitterchandys AmeyNy MacguyverTech01
Anjaswisesa_K,mediocrickey
indonfederalism,habangbangsel FerdinandHaean3
mrsabe_,elyadaa
SipangkarKevin,BigAlphaID
SipangkarKevin,junitacharolina
SipangkarKevin,junitacharolina
Badala48661037,kumparan
Rangga_Wijaya89,detikcom detikHealth
Rangga_Wijaya89,cnbcindonesia makLambeTurah
Nissakti,jokowi
_banzzz,yogachanpikachu
alief_an,efkape_
arunajr_,shifairs biduanmetal
Xtors1611,yunartowijaya
RepKertanegara,cnbcindonesia jokowi KemenkeuRI bank_indonesia
WaySep_,azis_ap0
wajic_,DevicPratama
Ditaaaaaaaaak,riz_kym SafirSenduk
ragaaga,afiqkur
riz_kym,Ditaaaaaaaaak SafirSenduk
dliwelah,elzasalsabila2
phlegmaticstone,callmeberber
YrFvrtGuy,callmeberber
idilhaq,MonsterNessya
prasnurdin,brdpk
teguhpur,Tri_Ferdy DKIJakarta
syipeeeee,Mtaufanr alfirizka justyenquy atpridwan anisptdr lafishhhh Karepent longlivesprl fuyunghayy Faisalkan01 jek___
FachriArdii,forrmey
pabloescorona,kiyongieee
lovelibra90,mbah_mijan
lovelibra90,hamb4matiran_9 Mohamma59601653
SempakBolon9,buatyanglain
giovanni_hizkia,bayuaji10
giovanni_hizkia,mreynaldigp bayuaji10
armandanimita,ellyaqul
kiyongieee,pabloescorona
darkcloud8090,trestristee
Ganzo367,Wotanet
frunsx,thelunararchery
laparr247,PejoeangRI netyenin LubisRizal bulbasauu CNNIndonesia
laparr247,PejoeangRI LubisRizal bulbasauu CNNIndonesia
Hasan09072,geloraco
ILPrincipeInter,ulil jokowi
my_myayam,Linggapratama22 kapastaa ajjii10
customkarawang,Dennysiregar7 aniesbaswedan
mara_hendra,KatolikG
ekaprasojo_,Dyanatalia
dandangtea,rlthingy
dandangtea,rlthingy
tempatngeluhhhh,jek___
teguhs1hukum,ivn_bin kopiganja ainunnajib aniesbaswedan
teguhs1hukum,ivn_bin adindasoraya10
teguhs1hukum,ivn_bin kopiganja ainunnajib aniesbaswedan
Kajhol3,FikriSadathAr Mrftsdh ceweEgoiss bananaoatmeal_ sidikz_ longlivesprl fuyunghayy Faisalkan01 jek___
reyneriqbal,mutiarahap
mtaufanr,alfirizka justyenquy atpridwan anisptdr lafishhhh Karepent longlivesprl fuyunghayy Faisalkan01 jek___
Hendrockers,eko_kuntadhi
Arfannn1,fachryB Kasayanto_ datuakrajoangek
RafiAkb19920720,salahudinalayyu Mahardhika_Yasa fadlizon
raynuriyanto,RickyKardjono
alfirizka,justyenquy atpridwan anisptdr lafishhhh Karepent longlivesprl fuyunghayy Faisalkan01 jek___
akhmad_dady19,jek___
FikriSadathAr,Mrftsdh ceweEgoiss bananaoatmeal_ sidikz_ longlivesprl fuyunghayy Faisalkan01 jek___
justyenquy,atpridwan anisptdr lafishhhh Karepent longlivesprl fuyunghayy Faisalkan01 jek___
Mrftsdh,ceweEgoiss bananaoatmeal_ sidikz_ longlivesprl fuyunghayy Faisalkan01 jek___
aradhiasc,ledeirfs
notaniceboy,sannila2 jek___
slegeannnn,BanyuSadewa
ceweEgoiss,bananaoatmeal_ sidikz_ longlivesprl fuyunghayy Faisalkan01 jek___
atpridwan,anisptdr rsdarr_ lafishhhh Karepent longlivesprl fuyunghayy Faisalkan01 jek___
e_kakang,jek___
kokikukis_,jek___
shof________,jek___
aang_anggayasti,jek___
dhiyarxzs,jek___
anisptdr,rsdarr_ lafishhhh Karepent longlivesprl fuyunghayy Faisalkan01 jek___
upssbagidua,lafishhhh Karepent longlivesprl fuyunghayy Faisalkan01 jek___
udahgededong,Karmilaa_td fuyunghayy Faisalkan01 jek___
lafishhhh,Karepent longlivesprl fuyunghayy Faisalkan01 jek___
danangset7,jek___
sidikz_,longlivesprl fuyunghayy Faisalkan01 jek___
Karepent,longlivesprl fuyunghayy Faisalkan01 jek___
Karmilaa_td,fuyunghayy Faisalkan01 jek___
Miftahazam27,jek___
longlivesprl,fuyunghayy Faisalkan01 jek___
fuyunghayy,Faisalkan01 jek___
sahidnegara90,jek___
widisetya_,Faisalkan01 jek___
ythLeaf,jek___
_rasinta,jek___
prkdlx,jek___
sannila2,jek___
Faisalkan01,jek___
hipohan,SBYudhoyono
Peih17,elghafiky
hastosiswanto,ellyaqul
Dedyugel,umatsabtuminggu henrysubiakto
Dedyugel,umatsabtuminggu henrysubiakto
YulinaAchrini,Indones85270863 RickyKardjono
D3ffiM45rizal,BangJovi9
Muhammadasrul91,jokowi
Juni283,wicaksena AchsanulQosasi alvinlie21
srisugii,SyamSein RadioElshinta aniesbaswedan DKIJakarta
JaeLankung,DonD3Leonardo
Mustar_98,jokowi
ArWisanggeni99,mbah_mijan
jogipunya,veronicapaskah
ferlitiani,CNNIndonesia jokowi
ferlitiani,CNNIndonesia
dwirend,aisyahnr amandamaliaa
romeophile7,hrdbacot
geekkboyy,isauisauati si_cuplisss andihiyat
Braman_Kotzen,zidanpraset NikitaMirzani
yurikomaulana1,investorreceh
yurikomaulana1,investorreceh BigAlphaID
yurikomaulana1,investorreceh
Hi_Robby_,kumparan
KFans97,danumaulanaP detikcom
ExHardian,mbah_mijan
abraham150395,Ghea_Jhana_Lee msaid_didu
sleepy_eeyoree,netflix disneyplus
agent_2028,Dennysiregar7 DKIJakarta aniesbaswedan
kuysinema,andriewiwi ezash aniesbaswedan
TrahMunir,kantayu
wicaksena,AchsanulQosasi alvinlie21
radeniqballl,Faldylouis_
reetjeh,Alterthingy_
reetjeh,fanamerahzembud
bagasyusuf,CNNIndonesia alangooners gerbycptprdn
AJhunaidhy,Penyuka_ombak
michellethe22,umayshhhhb
MuhSujarw4,AnakLolina2 Mawar_Hitam09
kenaldikau,xandervonlotus_
danumaulanaP,detikcom
jessicaputri,imanuelfrederic
keeptheruleson,tempodotco
fauzyhusnim,Prawala_AW
CallMeTumson,A_Nasution81
jalorestio,andyydepp CNNIndonesia
aditia_sf,aniesbaswedan jokowi
omhget,ailofu
GamadanSangga,anapaulki TitusYory BigAlphaID
wasbuh,Bilalimam_
OhTersesat,tubirfess
Indones85270863,RickyKardjono
pitrosid1,RajaDau74093182 cyber_entrance tifsembiring
seahorsevoice,bribribribriK
Bimatrt,PBogang rarakabasli DKIJakarta
wearefallasleep,umayshhhhb
Gilbras1,belatuuung D05723084 SandjojoS detikcom aniesbaswedan
Gilbras1,belatuuung ocee_me08 D05723084 SandjojoS detikcom aniesbaswedan
JustErick,hrdbacot
adilrefo,flechezizou
andriewiwi,ezash aniesbaswedan
kevchriswang,dandrel XpresiBCA
sukamabu,ailtjexx XpresiBCA
Mas2Reborn,JOEDURBAN PambudiTri datuakrajoangek
cahklaten78,JudeWikrama
swoyeonn,cuddlsy
iniardhike,shbrnk
Vtrjcb,AmmarGill
argafakihrmdn,alifaaru
gitamusic07,meishanh_
dediroman_syah,punyaadhii
bdleonanda,CNNIndonesia
Mr_bob1916,inteldunia
ajeng_cute16,CNNIndonesia
Bintarobart,salahsambungya
belatuuung,ocee_me08 Gilbras1 D05723084 SandjojoS detikcom aniesbaswedan
ocee_me08,belatuuung Gilbras1 D05723084 SandjojoS detikcom aniesbaswedan
asha64889696,CNNIndonesia
willythepoooh,sabdasaya
juvitanovita,detikcom
multrianto,narkosun
harygelaktawa,dietadit
warsid22,YouTube
nunutulamaNU,barmi_mirza Zie83132906 fadlizon
barmi_mirza,nunutulamaNU Zie83132906 fadlizon
screwyoumorons,ZsazsaSaskia detikcom
JHannif,ismailnrtmm
mauludirfd15,ThisIsLons
iamsadboiiii,hrdbacot
SayaDajjaI,nuicemedia
yuniwardhana,detikcom
Mayanureliza,jokowi
Rudycraft666,M_Asmara1701
Moiqbal_,kumparan
DeFebri12,tawakkaI hrdbacot
iyamas_,ParallaxNal trinakaseh besokaaja hrdbacot
EdhyWidodo,detikcom
itsbabyjoo,dellaprtw
hanifyusronii,alfonso_evan
gembulsekalii,Shintaps09
alfonso_evan,hanifyusronii
akunsudi,gHormatKulas binbin_ft willy_soeharly PRDIndonesia AlifKamal__ PenistaOligarki Coffee4Souls
William_Tan_new,RamaAbd
DjAnnadwy,jokowi
trinakaseh,hrdbacot
auliioooo,myr________
srianazis,YouTube
srianazis,YouTube
skjrizky,Dejavuu33
skjrizky,Dejavuu33
andrinitasya,IwanBotak19
koalachills,ramengrul
Dejavuu33,skjrizky
IlmiawanLepas,jokowi
tangguhgilang,Pandjaay
amaliajenggg,tasyaFP
AnggaGP,subtanyarl
lavieentae_,silkycacty
silkycacty,lavieentae_
arashigandarum,kindofbananas
arashigandarum,kindofbananas
haysnaidd,archiekinst
ahmzaky2202,nunutulamaNU Zie83132906 fadlizon
kindofbananas,arashigandarum
toposekali,nunutulamaNU fadlizon
isaljpr,efenerr
cuitangita,bimaalfaroby
investorreceh,yurikomaulana1
GunGunG49169853,JustKaka04 sahid_damai henrysubiakto
wibowochoir17,aulhdy ntsana_ bintangemon
gandhiansyari,efenerr
frozzmalik,onedfess
RezaMargana,nagotejena
gtamaa_,cordatandineae
SchretcUki,CNNIndonesia
YogaRiandana,torengtoreeng mrshananto jokowi
saturrrnusss,mhafizh_
saturrrnusss,mhafizh_
pminveget,hendri_hsy icaniksan samarindasiaga
babegalak1,NotesofMila
ilhaammaulaana,itnanruoel
nonameyeppeo,ddsdwrptr
putraa_gaming,fadlizon pln_123
harianbatampos,BatamPos
ethan_hunt81,Putrasongotzz KemnakerRI idafauziyah anwsanusi KPK_RI HaloBCA BPJSTKinfo
AryaZulvikar,ustadtengkuzul
psukmah_,jokowi
CNNIDdaily,TransvisionID
AjengRisanda,Trihasto_bowo
radenandrianto,raflychalil
rosseynaza,tastemadeid
RadioSmartFM,kompascom
dwkmg,Ifauziana_Putri Feebriansyahh
dwkmg,Ifauziana_Putri
Dirgantara003,NayDonuts
azizah_bn,fadlizon pln_123 esbilgictr
malhamahkubro,republikaonline
fadlizon,pln_123
dfhidayat5,revars wicakosss
AudiCaesar,M_Asmara1701
favophs,Setiawanensis mcflurryenak
love_PANCASILA,CNNIndonesia aniesbaswedan aniesbaswedan
BocahPolitik,M_Asmara1701
rizqyveb,ferhak_
kang_jhun,Kemenag_RI
WoobieKTada,detikcom
panjidanumaya,ridwanhr
AhmadN450r1,CNNIndonesia
hollasdw,alifiuz
Gwaluh,kakhoirul48 Strategi_Bisnis
Biyanwi,DennyAbdillah
aria1711,ZenChanNosuke
andinoorwahidin,CNNIndonesia
BukanPegawaiJP,BigAlphaID
indrayanaach,AREAJULID
smartfmjogja,DonnaSummerBway
heygiee_,Roedhie Hudzaifah_UJE saturnproblems beautyshitpost
HeykalNadhir,cnbcindonesia
officialDPPPPP,KemenkeuRI HM_AmirUskara
zizydmk,pushandaka
Ah_yank21,Alvonzoisdeath MasAnugerah88
alifiuz,hollasdw
Dwiciptasaja,AdiyatJatiW
Waranda_Jr,Behrouz45
radengiita,istiqsr
KacangTopless,DarmadiAktivis B4DEUR KangIbnu15
untorowidagdo,Strategi_Bisnis
DimmasPutra,prayogilr
Hery091068,kurawa
bung_piere,PRFMnews
faried_ade,hincapandjaitan
polusiotakchill,santo5o geloraco
IvanSjoha,asboediono_id VIVAcoid
Nur_Ali7,asboediono_id asboedionoid
arumyunia,nursalehah
ikopangestii,KompasTV
kasehsaulmouk,Qirani4yara
kasehsaulmouk,geloraco
NuKultural,berlianidris RadioElshinta
Paul53204965,OposisiCerdas
riyawati10,VIVAcoid
bagasdeha,zarazettirazr
asboediono_id,VIVAcoid
iMasjidPonorogo,YouTube
TFakta2,VIVAcoid
eleven_light,jokowi
Fitriee69,YEngran RamliRizal
jackwebsmith,zarazettirazr msaid_didu
daecthwita,Dintha_thu
daecthwita,Dintha_thu
ajinhaha,indiraapn
KontanTV,YouTube
KontanTV,YouTube
axyleeenn,subtanyarl
mohamadludfi2,hincapandjaitan
rsmnsptr_,AREAJULID
mrizkiaul,ikrihakiki
nahtanojnosnayr,stoicdude22
eriemrn,kompascom
Hyjell,Wahnggataudeh
fanamerahzembud,reetjeh
JOEDURBAN,PambudiTri datuakrajoangek
RagilKusuma89,ustadtengkuzul
kakhoirul48,Strategi_Bisnis
epiluckylaki,kopiganja
JokerLae,Adi_8002 ustadtengkuzul RamliRizal msaid_didu
jundirobani,Kanseulir mohmahfudmd
Prunamasari,Muntilander
satrianaga,mohmahfudmd
junifilms,skkrrtskrt
kylieen_,handokotjung
yangparings,simbayeochin
ivanalee70,teddy_risandi JhonTangsel
ivanalee70,Lintangxx98 JhonTangsel emilsalim2010